{"model_version": "1.0.0", "last_trained": "2025-05-05 15:33:16", "features": ["source", "response_time", "interaction_count", "budget", "job_title", "location"], "metrics": {"accuracy": 0.95, "precision": 0.9285714285714286, "recall": 1.0, "f1": 0.9629629629629629, "roc_auc": 0.989010989010989, "feature_importance": {"source": 0.008950470611566399, "response_time": 0.2315867790843555, "interaction_count": 0.17454981302261025, "budget": 0.19085734757173434, "job_title": 0.006558268990522162, "location": 0.008137692373179633, "budget_per_interaction": 0.00824121667046501, "response_efficiency": 0.2703622326183106, "title_level": 0.04582547324560733, "source_score": 0.05493070581164885}}}